date,fr_ann
2020-12-30,0.229512
2020-12-31,0.54889065
2021-01-01,0.3049429
2021-01-02,0.5315203000000001
2021-01-03,1.4373992
2021-01-04,1.6671192500000003
2021-01-05,0.7241892
2021-01-06,1.7755570999999999
2021-01-07,1.25158865
2021-01-08,1.59670345
2021-01-09,1.0103711
2021-01-10,1.1651676000000002
2021-01-11,0.80841295
2021-01-12,0.5085398999999999
2021-01-13,0.39379119999999995
2021-01-14,0.80103265
2021-01-15,0.8697804
2021-01-16,0.40540184999999995
2021-01-17,0.26785525
2021-01-18,0.7600979
2021-01-19,1.31482855
2021-01-20,0.44758855000000003
2021-01-21,0.42713759999999995
2021-01-22,0.10950000000000001
2021-01-23,0.11746430000000001
2021-01-24,0.24000939999999998
2021-01-25,0.38203455
2021-01-26,0.12229689999999999
2021-01-27,0.10950000000000001
2021-01-28,0.1542563
2021-01-29,0.8818108000000001
2021-01-30,0.4556514
2021-01-31,0.53032675
2021-02-01,0.43194465
2021-02-02,0.7418478999999999
2021-02-03,0.8518698499999999
2021-02-04,0.60329025
2021-02-05,0.84178855
2021-02-06,0.7554770000000001
2021-02-07,1.19308645
2021-02-08,1.33643655
2021-02-09,1.7478280499999999
2021-02-10,1.5040190000000002
2021-02-11,1.2188153
2021-02-12,1.31376275
2021-02-13,1.3050721
2021-02-14,1.3896353000000001
2021-02-15,0.8271265
2021-02-16,1.3321186
2021-02-17,1.2578411
2021-02-18,1.5052381
2021-02-19,1.1116878000000001
2021-02-20,1.4429106999999999
2021-02-21,1.18697635
2021-02-22,1.04643675
2021-02-23,0.24764519999999998
2021-02-24,0.361642
2021-02-25,0.25552189999999997
2021-02-26,0.10950000000000001
2021-02-27,0.30941779999999997
2021-02-28,0.2106269
2021-03-01,0.13476165
2021-03-02,0.10950000000000001
2021-03-03,0.2375347
2021-03-04,0.10950000000000001
2021-03-05,0.10950000000000001
2021-03-06,0.10950000000000001
2021-03-07,0.1372619
2021-03-08,0.16336305
2021-03-09,0.62573045
2021-03-10,0.47393425
2021-03-11,1.02446375
2021-03-12,0.8042701999999999
2021-03-13,0.60412975
2021-03-14,1.0274385
2021-03-15,0.7409354
2021-03-16,0.3617442
2021-03-17,0.2889924
2021-03-18,0.33605915000000003
2021-03-19,0.28525845
2021-03-20,0.5207382
2021-03-21,0.30565465
2021-03-22,0.5345717
2021-03-23,0.3397201
2021-03-24,0.35201695
2021-03-25,0.1161722
2021-03-26,0.13140000000000002
2021-03-27,0.10950000000000001
2021-03-28,0.10950000000000001
2021-03-29,0.13932415
2021-03-30,0.52116525
2021-03-31,0.76670805
2021-04-01,0.9360644
2021-04-02,1.01925885
2021-04-03,0.9943439500000001
2021-04-04,0.46393690000000004
2021-04-05,0.4383285
2021-04-06,0.87125865
2021-04-07,0.6023157
2021-04-08,0.3356248
2021-04-09,0.24709405
2021-04-10,1.02650775
2021-04-11,1.066384
2021-04-12,1.0749031
2021-04-13,1.0828455000000001
2021-04-14,1.10909265
2021-04-15,0.9809046499999999
2021-04-16,1.2599362
2021-04-17,0.7171702499999999
2021-04-18,0.5477628
2021-04-19,0.10950000000000001
2021-04-20,0.10950000000000001
2021-04-21,0.10950000000000001
2021-04-22,0.10950000000000001
2021-04-23,0.2468057
2021-04-24,0.19867680000000001
2021-04-25,0.2564417
2021-04-26,0.10950000000000001
2021-04-27,0.10950000000000001
2021-04-28,0.10950000000000001
2021-04-29,0.10950000000000001
2021-04-30,0.10950000000000001
2021-05-01,0.19602325000000004
2021-05-02,0.38831255
2021-05-03,0.5248992
2021-05-04,0.47293414999999994
2021-05-05,0.36095945
2021-05-06,0.8380728499999999
2021-05-07,0.4201223
2021-05-08,0.55507375
2021-05-09,0.5717761499999999
2021-05-10,0.8119133
2021-05-11,0.42360440000000005
2021-05-12,0.3290694
2021-05-13,0.16242865
2021-05-14,0.3296972
2021-05-15,0.1470074
2021-05-16,0.3399099
2021-05-17,0.48648295
2021-05-18,0.33278875
2021-05-19,-0.16017659999999997
2021-05-20,0.10950000000000001
2021-05-21,0.060389250000000005
2021-05-22,-0.01623519999999999
2021-05-23,-0.005015100000000001
2021-05-24,-0.059677499999999994
2021-05-25,0.10950000000000001
2021-05-26,0.10950000000000001
2021-05-27,0.10950000000000001
2021-05-28,0.10950000000000001
2021-05-29,0.11086874999999999
2021-05-30,0.10950000000000001
2021-05-31,0.10950000000000001
2021-06-01,0.10950000000000001
2021-06-02,0.10950000000000001
2021-06-03,0.10950000000000001
2021-06-04,0.1480659
2021-06-05,0.10950000000000001
2021-06-06,0.10950000000000001
2021-06-07,0.10950000000000001
2021-06-08,0.07670475
2021-06-09,-0.03737235
2021-06-10,-0.0027958999999999966
2021-06-11,0.0634662
2021-06-12,0.005131900000000004
2021-06-13,0.02165545
2021-06-14,0.0615244
2021-06-15,0.1022073
2021-06-16,0.10950000000000001
2021-06-17,0.10950000000000001
2021-06-18,0.057257550000000004
2021-06-19,-0.026174149999999997
2021-06-20,0.005704950000000004
2021-06-21,-0.04186915
2021-06-22,-0.054235350000000015
2021-06-23,-0.12235165
2021-06-24,-0.0607652
2021-06-25,0.0816578
2021-06-26,-0.12600165
2021-06-27,-0.37443525
2021-06-28,0.0379527
2021-06-29,0.08113585000000001
2021-06-30,0.10950000000000001
2021-07-01,0.10950000000000001
2021-07-02,0.022327050000000005
2021-07-03,-0.054333900000000004
2021-07-04,-0.027765549999999996
2021-07-05,0.034894
2021-07-06,-0.0731241
2021-07-07,0.0242287
2021-07-08,-0.12081864999999999
2021-07-09,-0.1718931
2021-07-10,0.0286087
2021-07-11,0.0526038
2021-07-12,0.08144610000000001
2021-07-13,0.0731898
2021-07-14,-0.0015913999999999972
2021-07-15,0.024429450000000005
2021-07-16,-0.015881149999999997
2021-07-17,0.0292803
2021-07-18,0.0568159
2021-07-19,-0.02028305
2021-07-20,-0.17226175
2021-07-21,-0.3442753
2021-07-22,-0.049366249999999993
2021-07-23,-0.06435315
2021-07-24,-0.1139822
2021-07-25,-0.19195715
2021-07-26,-0.12716965000000002
2021-07-27,0.06479480000000001
2021-07-28,0.06556495000000001
2021-07-29,0.07215685
2021-07-30,0.06432395
2021-07-31,0.10950000000000001
2021-08-01,0.10950000000000001
2021-08-02,0.10950000000000001
2021-08-03,0.10950000000000001
2021-08-04,0.0776428
2021-08-05,0.10950000000000001
2021-08-06,0.10950000000000001
2021-08-07,0.10950000000000001
2021-08-08,0.10950000000000001
2021-08-09,0.10950000000000001
2021-08-10,0.10950000000000001
2021-08-11,0.10950000000000001
2021-08-12,0.10950000000000001
2021-08-13,0.10950000000000001
2021-08-14,0.10950000000000001
2021-08-15,0.10950000000000001
2021-08-16,0.12382259999999999
2021-08-17,0.10950000000000001
2021-08-18,0.10950000000000001
2021-08-19,0.10950000000000001
2021-08-20,0.13052765
2021-08-21,0.17048055
2021-08-22,0.12706745
2021-08-23,0.26704495
2021-08-24,0.2943652
2021-08-25,0.1444232
2021-08-26,0.15280725
2021-08-27,0.10950000000000001
2021-08-28,0.23862604999999998
2021-08-29,0.10950000000000001
2021-08-30,0.1553075
2021-08-31,0.31868515
2021-09-01,0.38631965
2021-09-02,0.5351447500000001
2021-09-03,0.38546189999999997
2021-09-04,0.2735529
2021-09-05,0.10950000000000001
2021-09-06,0.17075795000000002
2021-09-07,0.15686605
2021-09-08,0.10950000000000001
2021-09-09,0.10950000000000001
2021-09-10,0.11356975
2021-09-11,0.10950000000000001
2021-09-12,0.10950000000000001
2021-09-13,0.10950000000000001
2021-09-14,0.10950000000000001
2021-09-15,0.10950000000000001
2021-09-16,0.10950000000000001
2021-09-17,0.10950000000000001
2021-09-18,0.10950000000000001
2021-09-19,0.10950000000000001
2021-09-20,0.10950000000000001
2021-09-21,0.10950000000000001
2021-09-22,0.10950000000000001
2021-09-23,0.08241335
2021-09-24,-0.04531109999999999
2021-09-25,0.09354585
2021-09-26,0.039314150000000006
2021-09-27,0.10950000000000001
2021-09-28,0.05702395
2021-09-29,0.0506109
2021-09-30,0.10670775000000002
2021-10-01,0.03470785
2021-10-02,0.053779099999999996
2021-10-03,0.10950000000000001
2021-10-04,0.10950000000000001
2021-10-05,0.0282291
2021-10-06,0.10950000000000001
2021-10-07,0.26224885
2021-10-08,0.25605115
2021-10-09,0.13036704999999998
2021-10-10,0.1493069
2021-10-11,0.10950000000000001
2021-10-12,0.10950000000000001
2021-10-13,0.10950000000000001
2021-10-14,0.18278835
2021-10-15,0.20690025
2021-10-16,0.43530995000000006
2021-10-17,0.42216630000000005
2021-10-18,0.2578433
2021-10-19,0.12765510000000002
2021-10-20,0.30381505000000003
2021-10-21,0.6870541
2021-10-22,0.3329457
2021-10-23,0.21325855000000002
2021-10-24,0.36658775
2021-10-25,0.3163309
2021-10-26,0.57533125
2021-10-27,0.31572865
2021-10-28,0.1436494
2021-10-29,0.23947649999999998
2021-10-30,0.28702140000000004
2021-10-31,0.40835105
2021-11-01,0.44093095
2021-11-02,0.35236005
2021-11-03,0.5746341
2021-11-04,0.5223332500000001
2021-11-05,0.28509055
2021-11-06,0.49701320000000004
2021-11-07,0.33200035
2021-11-08,0.45241385
2021-11-09,0.53207145
2021-11-10,0.5965049
2021-11-11,0.20083395000000004
2021-11-12,0.3300257
2021-11-13,0.2519084
2021-11-14,0.13512665
2021-11-15,0.28418899999999997
2021-11-16,0.20439269999999998
2021-11-17,0.12101575
2021-11-18,0.11400774999999999
2021-11-19,0.10950000000000001
2021-11-20,0.10950000000000001
2021-11-21,0.10950000000000001
2021-11-22,0.10950000000000001
2021-11-23,0.12007405
2021-11-24,0.11683650000000001
2021-11-25,0.1577238
2021-11-26,0.21025459999999999
2021-11-27,0.1125076
2021-11-28,0.10950000000000001
2021-11-29,0.14882510000000002
2021-11-30,0.17450649999999998
2021-12-01,0.18919775
2021-12-02,0.13122115
2021-12-03,0.17842660000000002
2021-12-04,0.0699997
2021-12-05,0.09954645
2021-12-06,0.10950000000000001
2021-12-07,0.08751605000000001
2021-12-08,0.10950000000000001
2021-12-09,0.10950000000000001
2021-12-10,0.10950000000000001
2021-12-11,0.10950000000000001
2021-12-12,0.10950000000000001
2021-12-13,0.10950000000000001
2021-12-14,0.06695925000000001
2021-12-15,0.10950000000000001
2021-12-16,0.10950000000000001
2021-12-17,0.0900747
2021-12-18,0.0976083
2021-12-19,0.09884200000000001
2021-12-20,0.10950000000000001
2021-12-21,0.10652160000000001
2021-12-22,0.10950000000000001
2021-12-23,0.0866437
2021-12-24,0.10950000000000001
2021-12-25,0.10950000000000001
2021-12-26,0.10950000000000001
2021-12-27,0.10950000000000001
2021-12-28,0.10950000000000001
2021-12-29,0.10950000000000001
2021-12-30,0.10950000000000001
2021-12-31,0.0616777
2022-01-01,0.10950000000000001
2022-01-02,0.10950000000000001
2022-01-03,0.10950000000000001
2022-01-04,0.10950000000000001
2022-01-05,0.10950000000000001
2022-01-06,0.10950000000000001
2022-01-07,0.10950000000000001
2022-01-08,0.10950000000000001
2022-01-09,0.10950000000000001
2022-01-10,0.0895053
2022-01-11,0.09998810000000001
2022-01-12,-0.0017848500000000008
2022-01-13,-0.01309255
2022-01-14,-0.05560045
2022-01-15,0.054541950000000006
2022-01-16,0.037814
2022-01-17,0.06715270000000001
2022-01-18,0.10949270000000001
2022-01-19,0.09115145
2022-01-20,0.10950000000000001
2022-01-21,0.08303385
2022-01-22,0.04770915
2022-01-23,0.02617415
2022-01-24,0.0514431
2022-01-25,0.029630700000000003
2022-01-26,-0.01956035
2022-01-27,-0.08252285
2022-01-28,0.034864799999999994
2022-01-29,0.00407705
2022-01-30,0.0918924
2022-01-31,-0.014928499999999997
2022-02-01,-0.015121949999999999
2022-02-02,0.0352152
2022-02-03,-0.02949565
2022-02-04,0.010552150000000001
2022-02-05,0.10021805
2022-02-06,0.10950000000000001
2022-02-07,-0.0104974
2022-02-08,0.10950000000000001
2022-02-09,0.0699413
2022-02-10,0.06643365000000001
2022-02-11,-0.032798900000000006
2022-02-12,0.10950000000000001
2022-02-13,0.08321269999999999
2022-02-14,0.06945585
2022-02-15,0.028112300000000003
2022-02-16,0.10950000000000001
2022-02-17,0.10950000000000001
2022-02-18,-0.01568405
2022-02-19,0.06814915
2022-02-20,0.007617549999999998
2022-02-21,-0.005369150000000002
2022-02-22,-0.02177225
2022-02-23,-0.06773670000000001
2022-02-24,-0.06854700000000001
2022-02-25,0.0628457
2022-02-26,0.09835290000000001
2022-02-27,0.02463385
2022-02-28,-0.12971735
2022-03-01,0.08894685000000001
2022-03-02,0.07114945
2022-03-03,0.10950000000000001
2022-03-04,0.10950000000000001
2022-03-05,0.0790444
2022-03-06,0.0186588
2022-03-07,-0.0432233
2022-03-08,0.0853297
2022-03-09,0.09773240000000001
2022-03-10,0.03416765
2022-03-11,-0.048442799999999994
2022-03-12,-0.0025695999999999987
2022-03-13,-0.04008795
2022-03-14,-0.0438
2022-03-15,0.07030995
2022-03-16,0.09442915
2022-03-17,0.10950000000000001
2022-03-18,0.07906629999999999
2022-03-19,0.10950000000000001
2022-03-20,0.10950000000000001
2022-03-21,0.032678450000000005
2022-03-22,0.10950000000000001
2022-03-23,0.0986011
2022-03-24,0.00568305
2022-03-25,0.05631585000000001
2022-03-26,0.0460922
2022-03-27,0.011143450000000003
2022-03-28,0.10950000000000001
2022-03-29,0.1080181
2022-03-30,0.10950000000000001
2022-03-31,0.10950000000000001
2022-04-01,0.09788935000000001
2022-04-02,0.10950000000000001
2022-04-03,0.10950000000000001
2022-04-04,0.10950000000000001
2022-04-05,0.10950000000000001
2022-04-06,0.10912770000000001
2022-04-07,0.08183665000000001
2022-04-08,0.0887169
2022-04-09,0.10686835
2022-04-10,0.06917480000000001
2022-04-11,0.07388695
2022-04-12,-0.0868992
2022-04-13,-0.0088476
2022-04-14,0.0473551
2022-04-15,-0.045044650000000006
2022-04-16,0.04962905000000001
2022-04-17,0.07503670000000001
2022-04-18,-0.09440359999999999
2022-04-19,0.04096395
2022-04-20,0.08288055
2022-04-21,0.0010621499999999991
2022-04-22,-0.05246144999999999
2022-04-23,-0.10390819999999999
2022-04-24,-0.13579095
2022-04-25,-0.034780849999999995
2022-04-26,0.10950000000000001
2022-04-27,-0.0792269
2022-04-28,-0.004598999999999998
2022-04-29,0.0825922
2022-04-30,0.003982150000000001
2022-05-01,0.045617700000000004
2022-05-02,0.10585
2022-05-03,0.10950000000000001
2022-05-04,0.08213960000000001
2022-05-05,0.10950000000000001
2022-05-06,-0.05473905
2022-05-07,0.0052487
2022-05-08,0.06329465000000001
2022-05-09,0.10950000000000001
2022-05-10,0.10950000000000001
2022-05-11,0.04017555
2022-05-12,-0.2753779
2022-05-13,-0.0061575499999999995
2022-05-14,0.10950000000000001
2022-05-15,0.09980195
2022-05-16,0.08695395
2022-05-17,0.05108175
2022-05-18,-0.0358284
2022-05-19,0.046530199999999994
2022-05-20,0.10950000000000001
2022-05-21,0.0007336499999999998
2022-05-22,0.03411655
2022-05-23,0.10950000000000001
2022-05-24,-0.037069399999999995
2022-05-25,0.08642835
2022-05-26,0.06656505
2022-05-27,0.10950000000000001
2022-05-28,0.10479880000000001
2022-05-29,0.10950000000000001
2022-05-30,0.10950000000000001
2022-05-31,0.10950000000000001
2022-06-01,0.10950000000000001
2022-06-02,0.010658
2022-06-03,0.007675949999999997
2022-06-04,0.03858415
2022-06-05,0.04357735
2022-06-06,0.0937758
2022-06-07,-0.014377349999999997
2022-06-08,0.10950000000000001
2022-06-09,0.1062369
2022-06-10,0.0831908
2022-06-11,0.03192655
2022-06-12,0.0401573
2022-06-13,0.006767100000000001
2022-06-14,-0.04064275
2022-06-15,-0.03643795
2022-06-16,-0.0179434
2022-06-17,-0.0241484
2022-06-18,0.06262670000000001
2022-06-19,0.02526895
2022-06-20,0.02340745
2022-06-21,0.062031750000000004
2022-06-22,-0.0162206
2022-06-23,-0.018633249999999997
2022-06-24,0.0949219
2022-06-25,0.08256665
2022-06-26,0.07544185
2022-06-27,0.06371075000000001
2022-06-28,-0.021038599999999998
2022-06-29,0.0651233
2022-06-30,-0.0756061
2022-07-01,-0.05015465
2022-07-02,0.01615125
2022-07-03,0.05694
2022-07-04,0.053545499999999996
2022-07-05,0.05625015
2022-07-06,0.10356145
2022-07-07,0.0922501
2022-07-08,0.07377380000000001
2022-07-09,0.09542195
2022-07-10,0.10936130000000001
2022-07-11,0.07401835
2022-07-12,0.06242595000000001
2022-07-13,-0.0065882499999999995
2022-07-14,0.049304200000000006
2022-07-15,0.04474535
2022-07-16,0.05420615
2022-07-17,0.09762655
2022-07-18,0.10950000000000001
2022-07-19,0.10950000000000001
2022-07-20,0.1026307
2022-07-21,0.10950000000000001
2022-07-22,0.0918778
2022-07-23,0.0732336
2022-07-24,0.08052994999999999
2022-07-25,0.04948305
2022-07-26,0.08144245
2022-07-27,0.04608855
2022-07-28,0.10668585
2022-07-29,0.10950000000000001
2022-07-30,0.10950000000000001
2022-07-31,0.09592565000000002
2022-08-01,0.09653885000000001
2022-08-02,0.0935057
2022-08-03,0.0027375
2022-08-04,0.01103395
2022-08-05,0.03862065
2022-08-06,0.09299105
2022-08-07,0.0425736
2022-08-08,0.08318350000000001
2022-08-09,0.101908
2022-08-10,0.031780550000000005
2022-08-11,0.08072705
2022-08-12,0.025739799999999997
2022-08-13,0.0257325
2022-08-14,0.0120523
2022-08-15,-0.0147022
2022-08-16,0.02288185
2022-08-17,0.0368358
2022-08-18,0.0933013
2022-08-19,0.019571300000000007
2022-08-20,-0.037299349999999995
2022-08-21,-0.032047
2022-08-22,-0.0265939
2022-08-23,-0.0238345
2022-08-24,-0.0196443
2022-08-25,0.0224694
2022-08-26,0.01496135
2022-08-27,-0.0492531
2022-08-28,-0.045979049999999994
2022-08-29,-0.1090328
2022-08-30,-0.029696399999999998
2022-08-31,0.031536
2022-09-01,0.0557939
2022-09-02,0.0432379
2022-09-03,0.0378067
2022-09-04,0.029820499999999996
2022-09-05,0.04477455
2022-09-06,0.013034150000000001
2022-09-07,-0.0341348
2022-09-08,0.0350911
2022-09-09,0.0777888
2022-09-10,0.1086386
2022-09-11,0.08696855
2022-09-12,0.1030979
2022-09-13,0.10937224999999999
2022-09-14,-0.0081103
2022-09-15,0.04065005000000001
2022-09-16,0.05592895
2022-09-17,0.03221855
2022-09-18,0.0650138
2022-09-19,-0.018644200000000003
2022-09-20,0.05616985
2022-09-21,0.03429175
2022-09-22,-0.03995655
2022-09-23,0.019023799999999997
2022-09-24,0.0363832
2022-09-25,0.02644425
2022-09-26,0.02749545
2022-09-27,0.0758543
2022-09-28,0.019717299999999997
2022-09-29,0.07302555
2022-09-30,0.10950000000000001
2022-10-01,0.07374095
2022-10-02,0.0564363
2022-10-03,0.08143879999999999
2022-10-04,0.10950000000000001
2022-10-05,0.10950000000000001
2022-10-06,0.10950000000000001
2022-10-07,0.10042245
2022-10-08,0.056005599999999996
2022-10-09,0.02545145
2022-10-10,0.0814315
2022-10-11,0.10950000000000001
2022-10-12,0.10950000000000001
2022-10-13,0.0781173
2022-10-14,0.0789495
2022-10-15,0.0461798
2022-10-16,0.024053500000000002
2022-10-17,0.04244584999999999
2022-10-18,0.10950000000000001
2022-10-19,0.1007327
2022-10-20,0.0661234
2022-10-21,0.030298650000000003
2022-10-22,0.0429313
2022-10-23,0.03831405
2022-10-24,0.0814972
2022-10-25,0.048107000000000004
2022-10-26,0.0512095
2022-10-27,-0.003237549999999999
2022-10-28,-0.0011533999999999989
2022-10-29,0.0417706
2022-10-30,0.021286799999999998
2022-10-31,0.017928799999999998
2022-11-01,0.003416400000000001
2022-11-02,0.043931399999999995
2022-11-03,0.036719
2022-11-04,0.0455374
2022-11-05,0.06916749999999999
2022-11-06,0.08427485
2022-11-07,0.10151745000000001
2022-11-08,0.05538144999999999
2022-11-09,-0.14437575
2022-11-10,-0.9305967
2022-11-11,-0.11873815
2022-11-12,0.03436475
2022-11-13,-0.015359200000000002
2022-11-14,-0.045938900000000005
2022-11-15,-0.0960461
2022-11-16,-0.0682988
2022-11-17,-0.04519065
2022-11-18,0.0018870500000000006
2022-11-19,0.044836600000000004
2022-11-20,0.0065481
2022-11-21,0.0327843
2022-11-22,0.00886585
2022-11-23,0.06940840000000001
2022-11-24,0.050019600000000004
2022-11-25,0.014045199999999999
2022-11-26,0.01798355
2022-11-27,0.006500649999999998
2022-11-28,0.010439
2022-11-29,0.0311929
2022-11-30,0.06187845
2022-12-01,0.022002200000000003
2022-12-02,0.026553749999999997
2022-12-03,0.06725125
2022-12-04,0.0627508
2022-12-05,0.001602349999999999
2022-12-06,0.03149585
2022-12-07,0.025743449999999998
2022-12-08,0.0127823
2022-12-09,0.030597950000000002
2022-12-10,-0.0023542500000000004
2022-12-11,0.009103100000000001
2022-12-12,0.012315099999999999
2022-12-13,0.0546551
2022-12-14,0.10950000000000001
2022-12-15,0.091907
2022-12-16,0.031247650000000002
2022-12-17,0.0712845
2022-12-18,0.045460749999999994
2022-12-19,0.052768050000000004
2022-12-20,0.032850000000000004
2022-12-21,0.06972230000000001
2022-12-22,0.06673295
2022-12-23,0.10549595
2022-12-24,0.0765405
2022-12-25,0.019841400000000002
2022-12-26,0.004109899999999999
2022-12-27,0.04273420000000001
2022-12-28,0.058863549999999994
2022-12-29,0.10408705
2022-12-30,0.0990318
2022-12-31,0.10950000000000001
2023-01-01,0.07552215000000001
2023-01-02,-0.011585100000000001
2023-01-03,0.08139135
2023-01-04,0.0540492
2023-01-05,0.06247705
2023-01-06,0.07605139999999999
2023-01-07,0.04810335
2023-01-08,0.08434785
2023-01-09,0.022027750000000002
2023-01-10,0.05559315
2023-01-11,0.018348549999999998
2023-01-12,0.10055384999999999
2023-01-13,0.099134
2023-01-14,0.23576445000000001
2023-01-15,0.16803869999999999
2023-01-16,0.10950000000000001
2023-01-17,0.10950000000000001
2023-01-18,0.10950000000000001
2023-01-19,0.10950000000000001
2023-01-20,0.10950000000000001
2023-01-21,0.10950000000000001
2023-01-22,0.10950000000000001
2023-01-23,0.10950000000000001
2023-01-24,0.10950000000000001
2023-01-25,0.10950000000000001
2023-01-26,0.10950000000000001
2023-01-27,0.10782465000000001
2023-01-28,0.10950000000000001
2023-01-29,0.10950000000000001
2023-01-30,0.10950000000000001
2023-01-31,0.10950000000000001
2023-02-01,0.10950000000000001
2023-02-02,0.10950000000000001
2023-02-03,0.10950000000000001
2023-02-04,0.10950000000000001
2023-02-05,0.10950000000000001
2023-02-06,0.10950000000000001
2023-02-07,0.10950000000000001
2023-02-08,0.10950000000000001
2023-02-09,0.10950000000000001
2023-02-10,0.10950000000000001
2023-02-11,0.06751405
2023-02-12,0.06428745000000001
2023-02-13,0.06714905
2023-02-14,0.10543754999999999
2023-02-15,0.051384700000000005
2023-02-16,0.15757415
2023-02-17,0.10950000000000001
2023-02-18,0.10950000000000001
2023-02-19,0.10950000000000001
2023-02-20,0.10950000000000001
2023-02-21,0.10950000000000001
2023-02-22,0.10950000000000001
2023-02-23,0.06255005
2023-02-24,0.05608955
2023-02-25,0.00636925
2023-02-26,0.06100245
2023-02-27,0.0590059
2023-02-28,0.04142385
2023-03-01,0.07367525
2023-03-02,0.09384150000000001
2023-03-03,0.02033415
2023-03-04,0.0235279
2023-03-05,0.0223526
2023-03-06,0.0544872
2023-03-07,0.02985335
2023-03-08,0.06107545
2023-03-09,0.10950000000000001
2023-03-10,-0.0365584
2023-03-11,-0.00829645
2023-03-12,0.019695400000000002
2023-03-13,0.09494015000000001
2023-03-14,0.20021345
2023-03-15,0.20532345
2023-03-16,0.10950000000000001
2023-03-17,0.08508515000000001
2023-03-18,0.10950000000000001
2023-03-19,0.10950000000000001
2023-03-20,0.10614565000000001
2023-03-21,0.0352736
2023-03-22,0.0204692
2023-03-23,0.033426700000000004
2023-03-24,0.10950000000000001
2023-03-25,0.00148555
2023-03-26,0.0013468500000000025
2023-03-27,0.0179507
2023-03-28,0.026374899999999996
2023-03-29,0.08458145
2023-03-30,0.050180199999999994
2023-03-31,0.0498079
2023-04-01,0.10526600000000001
2023-04-02,0.0581591
2023-04-03,0.022655549999999997
2023-04-04,-0.0315433
2023-04-05,0.0603783
2023-04-06,0.007537249999999999
2023-04-07,0.0021389000000000004
2023-04-08,0.0143299
2023-04-09,-0.0029455499999999995
2023-04-10,0.09550955
2023-04-11,0.10950000000000001
2023-04-12,0.07126260000000001
2023-04-13,0.0769858
2023-04-14,0.04857055
2023-04-15,0.049201999999999996
2023-04-16,0.0990756
2023-04-17,0.09992240000000001
2023-04-18,0.03994925
2023-04-19,0.05894750000000001
2023-04-20,0.06622925
2023-04-21,0.09598405
2023-04-22,0.0691602
2023-04-23,0.027422449999999998
2023-04-24,0.04016095
2023-04-25,0.07377745000000001
2023-04-26,0.0585168
2023-04-27,0.0421648
2023-04-28,0.0893374
2023-04-29,0.0533411
2023-04-30,0.046395149999999996
2023-05-01,-0.012296850000000003
2023-05-02,0.03032055
2023-05-03,0.0719196
2023-05-04,0.0887169
2023-05-05,0.08098620000000001
2023-05-06,0.10950000000000001
2023-05-07,0.05261110000000001
2023-05-08,0.01835585
2023-05-09,0.045000849999999995
2023-05-10,0.045000849999999995
2023-05-11,0.050110850000000005
2023-05-12,0.03781035
2023-05-13,0.036021849999999994
2023-05-14,0.03026215
2023-05-15,0.009639650000000001
2023-05-16,0.06433125
2023-05-17,0.0725693
2023-05-18,0.10344829999999999
2023-05-19,0.04016825
2023-05-20,0.025254350000000002
2023-05-21,0.06244785
2023-05-22,0.02919635
2023-05-23,0.10950000000000001
2023-05-24,0.059965849999999994
2023-05-25,0.094243
2023-05-26,0.08955640000000001
2023-05-27,0.0842128
2023-05-28,0.109062
2023-05-29,0.10950000000000001
2023-05-30,0.0696566
2023-05-31,0.05501645000000001
2023-06-01,0.07934005
2023-06-02,0.0875343
2023-06-03,0.0838989
2023-06-04,0.0907025
2023-06-05,0.09998809999999998
2023-06-06,-0.0215934
2023-06-07,0.08761825000000001
2023-06-08,0.04600825
2023-06-09,0.0690142
2023-06-10,0.05465145
2023-06-11,0.04953779999999999
2023-06-12,0.05602385
2023-06-13,0.08279295
2023-06-14,0.03217475
2023-06-15,0.03509475
2023-06-16,0.0182062
2023-06-17,0.10005014999999999
2023-06-18,0.0680506
2023-06-19,0.06251355
2023-06-20,0.004763249999999999
2023-06-21,0.0687879
2023-06-22,0.10671140000000001
2023-06-23,0.10950000000000001
2023-06-24,0.10950000000000001
2023-06-25,0.10950000000000001
2023-06-26,0.10950000000000001
2023-06-27,0.10950000000000001
2023-06-28,0.08723500000000001
2023-06-29,0.09444010000000001
2023-06-30,0.10950000000000001
2023-07-01,0.10950000000000001
2023-07-02,0.10950000000000001
2023-07-03,0.10950000000000001
2023-07-04,0.10950000000000001
2023-07-05,0.10950000000000001
2023-07-06,0.0701238
2023-07-07,0.015552649999999998
2023-07-08,0.029470100000000003
2023-07-09,0.06818564999999999
2023-07-10,0.02066995
2023-07-11,0.07383585
2023-07-12,0.0663205
2023-07-13,0.020126099999999997
2023-07-14,0.10950000000000001
2023-07-15,-0.004825300000000001
2023-07-16,0.0523702
2023-07-17,0.055932600000000006
2023-07-18,0.0666417
2023-07-19,0.0836361
2023-07-20,0.0651744
2023-07-21,0.026904149999999998
2023-07-22,0.0121034
2023-07-23,0.08132199999999999
2023-07-24,0.0888337
2023-07-25,0.087892
2023-07-26,0.09204935
2023-07-27,0.0359233
2023-07-28,0.0768252
2023-07-29,0.08065405
2023-07-30,0.0659482
2023-07-31,0.0655905
2023-08-01,0.0841982
2023-08-02,0.10950000000000001
2023-08-03,0.10950000000000001
2023-08-04,0.1026234
2023-08-05,0.08826065000000001
2023-08-06,0.10950000000000001
2023-08-07,0.10099185000000001
2023-08-08,0.09154200000000001
2023-08-09,0.0967761
2023-08-10,0.10321105
2023-08-11,0.09899895
2023-08-12,0.10696325
2023-08-13,0.08992504999999999
2023-08-14,0.10950000000000001
2023-08-15,0.10950000000000001
2023-08-16,0.10950000000000001
2023-08-17,0.10950000000000001
2023-08-18,0.055187999999999994
2023-08-19,-0.0214693
2023-08-20,-0.027834900000000003
2023-08-21,-0.01314
2023-08-22,0.0029638
2023-08-23,0.0108259
2023-08-24,0.0167316
2023-08-25,0.02686765
2023-08-26,0.0410625
2023-08-27,0.01937055
2023-08-28,0.031218450000000002
2023-08-29,-0.023144649999999996
2023-08-30,0.053081949999999996
2023-08-31,0.06523645
2023-09-01,0.054038249999999996
2023-09-02,0.01794705
2023-09-03,0.0290686
2023-09-04,0.011315
2023-09-05,0.0196881
2023-09-06,0.00404785
2023-09-07,0.05342505
2023-09-08,-0.0098696
2023-09-09,-0.01464015
2023-09-10,0.021279499999999996
2023-09-11,0.01226765
2023-09-12,0.016983449999999997
2023-09-13,0.02445865
2023-09-14,-0.0031353500000000016
2023-09-15,0.01518035
2023-09-16,-0.0323463
2023-09-17,0.0098112
2023-09-18,-0.02446595
2023-09-19,-0.004599000000000001
2023-09-20,-0.026944300000000004
2023-09-21,0.042715949999999996
2023-09-22,0.011344199999999997
2023-09-23,0.03080965
2023-09-24,0.022688399999999994
2023-09-25,0.04415405
2023-09-26,0.0018286499999999979
2023-09-27,0.0561954
2023-09-28,-0.02058235
2023-09-29,-0.02184525
2023-09-30,0.0147168
2023-10-01,-0.00944255
2023-10-02,0.0185493
2023-10-03,0.03043735
2023-10-04,0.034215100000000005
2023-10-05,-0.037876049999999994
2023-10-06,-0.01028935
2023-10-07,0.0257544
2023-10-08,0.023546150000000002
2023-10-09,0.056009250000000003
2023-10-10,0.046687150000000004
2023-10-11,0.07506955
2023-10-12,0.07287225
2023-10-13,0.02430535
2023-10-14,0.0174178
2023-10-15,0.01827555
2023-10-16,0.037167950000000005
2023-10-17,-0.0022411000000000006
2023-10-18,-0.010639749999999998
2023-10-19,-0.0462017
2023-10-20,-0.016961550000000002
2023-10-21,0.0314484
2023-10-22,0.03015265
2023-10-23,0.0674812
2023-10-24,0.10950000000000001
2023-10-25,0.10950000000000001
2023-10-26,0.10950000000000001
2023-10-27,0.10950000000000001
2023-10-28,0.10950000000000001
2023-10-29,0.10950000000000001
2023-10-30,0.10950000000000001
2023-10-31,0.10950000000000001
2023-11-01,0.10950000000000001
2023-11-02,0.10950000000000001
2023-11-03,0.10950000000000001
2023-11-04,0.10950000000000001
2023-11-05,0.10950000000000001
2023-11-06,0.10950000000000001
2023-11-07,0.10950000000000001
2023-11-08,0.10950000000000001
2023-11-09,0.14609855
2023-11-10,0.1156393
2023-11-11,0.15058074999999999
2023-11-12,0.24140370000000003
2023-11-13,0.2330598
2023-11-14,0.1760322
2023-11-15,0.10950000000000001
2023-11-16,0.13582745000000002
2023-11-17,0.10950000000000001
2023-11-18,0.10950000000000001
2023-11-19,0.10950000000000001
2023-11-20,0.10950000000000001
2023-11-21,0.10950000000000001
2023-11-22,0.10950000000000001
2023-11-23,0.10950000000000001
2023-11-24,0.10950000000000001
2023-11-25,0.10950000000000001
2023-11-26,0.10950000000000001
2023-11-27,0.10950000000000001
2023-11-28,0.10950000000000001
2023-11-29,0.10950000000000001
2023-11-30,0.10950000000000001
2023-12-01,0.10950000000000001
2023-12-02,0.0929436
2023-12-03,0.10950000000000001
2023-12-04,0.10950000000000001
2023-12-05,0.10950000000000001
2023-12-06,0.10950000000000001
2023-12-07,0.10950000000000001
2023-12-08,0.19538450000000002
2023-12-09,0.21482074999999998
2023-12-10,0.2373595
2023-12-11,0.1267645
2023-12-12,0.10950000000000001
2023-12-13,0.1265528
2023-12-14,0.10950000000000001
2023-12-15,0.10950000000000001
2023-12-16,0.10950000000000001
2023-12-17,0.10950000000000001
2023-12-18,0.14222590000000002
2023-12-19,0.10950000000000001
2023-12-20,0.16112194999999999
2023-12-21,0.31137055
2023-12-22,0.28625855
2023-12-23,0.15093115000000001
2023-12-24,0.18439434999999998
2023-12-25,0.21136420000000003
2023-12-26,0.35298055
2023-12-27,0.35721455
2023-12-28,0.3688398
2023-12-29,0.5553986000000001
2023-12-30,0.41776075
2023-12-31,0.35049125
2024-01-01,0.35851394999999997
2024-01-02,0.56485575
2024-01-03,0.1762293
2024-01-04,0.10950000000000001
2024-01-05,0.10950000000000001
2024-01-06,0.10950000000000001
2024-01-07,0.10950000000000001
2024-01-08,0.10950000000000001
2024-01-09,0.10950000000000001
2024-01-10,0.10950000000000001
2024-01-11,0.10950000000000001
2024-01-12,0.10950000000000001
2024-01-13,0.10950000000000001
2024-01-14,0.10950000000000001
2024-01-15,0.10950000000000001
2024-01-16,0.10950000000000001
2024-01-17,0.10950000000000001
2024-01-18,0.10950000000000001
2024-01-19,0.10950000000000001
2024-01-20,0.10950000000000001
2024-01-21,0.10950000000000001
2024-01-22,0.10950000000000001
2024-01-23,0.10950000000000001
2024-01-24,0.10950000000000001
2024-01-25,0.10950000000000001
2024-01-26,0.10950000000000001
2024-01-27,0.0995209
2024-01-28,0.09024625000000001
2024-01-29,0.10636830000000001
2024-01-30,0.08993965000000001
2024-01-31,0.08086209999999999
2024-02-01,0.10950000000000001
2024-02-02,0.10950000000000001
2024-02-03,0.09014405
2024-02-04,0.09910845000000001
2024-02-05,0.10950000000000001
2024-02-06,0.09753895000000001
2024-02-07,0.0774019
2024-02-08,0.06980625
2024-02-09,0.08380765000000001
2024-02-10,0.10234965000000001
2024-02-11,0.10950000000000001
2024-02-12,0.10950000000000001
2024-02-13,0.10950000000000001
2024-02-14,0.11783294999999999
2024-02-15,0.10950000000000001
2024-02-16,0.10950000000000001
2024-02-17,0.13154965000000002
2024-02-18,0.181186
2024-02-19,0.20434524999999998
2024-02-20,0.1519568
2024-02-21,0.1140333
2024-02-22,0.13153505
2024-02-23,0.12041715
2024-02-24,0.10950000000000001
2024-02-25,0.1515188
2024-02-26,0.27577575
2024-02-27,0.4699302000000001
2024-02-28,0.37941385000000005
2024-02-29,0.7389753499999999
2024-03-01,0.5991694
2024-03-02,0.5365354000000001
2024-03-03,0.48856710000000003
2024-03-04,0.6041626
2024-03-05,0.8032810499999999
2024-03-06,0.4362115
2024-03-07,0.4581188
2024-03-08,0.51548585
2024-03-09,0.2804003
2024-03-10,0.5436310000000001
2024-03-11,0.65814245
2024-03-12,0.5026232500000001
2024-03-13,0.5221179
2024-03-14,0.37012459999999997
2024-03-15,0.24874385
2024-03-16,0.19715475
2024-03-17,0.20326485
2024-03-18,0.28460145
2024-03-19,0.2920219
2024-03-20,0.16145774999999998
2024-03-21,0.17964205
2024-03-22,0.1396636
2024-03-23,0.11244190000000001
2024-03-24,0.14910615
2024-03-25,0.2580112
2024-03-26,0.24482375
2024-03-27,0.37207735000000003
2024-03-28,0.3048626
2024-03-29,0.2696474
2024-03-30,0.31481614999999996
2024-03-31,0.41077464999999996
2024-04-01,0.47859165
2024-04-02,0.13644430000000002
2024-04-03,0.10950000000000001
2024-04-04,0.10950000000000001
2024-04-05,0.10950000000000001
2024-04-06,0.10950000000000001
2024-04-07,0.10950000000000001
2024-04-08,0.20143985
2024-04-09,0.22111335
2024-04-10,0.1255089
2024-04-11,0.19671675
2024-04-12,0.1792223
2024-04-13,0.10950000000000001
2024-04-14,0.10950000000000001
2024-04-15,0.07942035
2024-04-16,0.06931715000000001
2024-04-17,0.06016295
2024-04-18,0.03498525
2024-04-19,0.03431365
2024-04-20,0.0490487
2024-04-21,0.0341786
2024-04-22,0.028484600000000002
2024-04-23,0.010661650000000002
2024-04-24,0.05023129999999999
2024-04-25,0.04463585
2024-04-26,0.0290394
2024-04-27,0.0741096
2024-04-28,0.006230550000000001
2024-04-29,0.0541806
2024-04-30,0.1054631
2024-05-01,0.1052952
2024-05-02,0.046282
2024-05-03,0.010139699999999998
2024-05-04,0.05994395000000001
2024-05-05,0.04177790000000001
2024-05-06,0.026707049999999996
2024-05-07,0.06085645
2024-05-08,0.0720364
2024-05-09,0.0591884
2024-05-10,0.05333745
2024-05-11,0.06467435
2024-05-12,0.0563341
2024-05-13,0.100813
2024-05-14,0.0885417
2024-05-15,0.0437562
2024-05-16,0.0393981
2024-05-17,0.0188486
2024-05-18,0.0286452
2024-05-19,0.0486472
2024-05-20,0.0388287
2024-05-21,0.11138705
2024-05-22,0.13052034999999998
2024-05-23,0.10950000000000001
2024-05-24,0.10950000000000001
2024-05-25,0.10950000000000001
2024-05-26,0.10950000000000001
2024-05-27,0.10950000000000001
2024-05-28,0.10950000000000001
2024-05-29,0.1188367
2024-05-30,0.10950000000000001
2024-05-31,0.13456455
2024-06-01,0.11041250000000001
2024-06-02,0.10950000000000001
2024-06-03,0.12459274999999999
2024-06-04,0.11682920000000001
2024-06-05,0.14458744999999998
2024-06-06,0.11755919999999999
2024-06-07,0.1101059
2024-06-08,0.10950000000000001
2024-06-09,0.10950000000000001
2024-06-10,0.10950000000000001
2024-06-11,0.10950000000000001
2024-06-12,0.10950000000000001
2024-06-13,0.10950000000000001
2024-06-14,0.10950000000000001
2024-06-15,0.10950000000000001
2024-06-16,0.10950000000000001
2024-06-17,0.10950000000000001
2024-06-18,0.1030614
2024-06-19,0.06239310000000001
2024-06-20,0.061195900000000004
2024-06-21,0.07545280000000001
2024-06-22,0.0881329
2024-06-23,0.06198795
2024-06-24,0.0986303
2024-06-25,0.0771902
2024-06-26,0.10950000000000001
2024-06-27,0.10950000000000001
2024-06-28,0.10950000000000001
2024-06-29,0.10950000000000001
2024-06-30,0.10950000000000001
2024-07-01,0.10950000000000001
2024-07-02,0.10950000000000001
2024-07-03,0.10950000000000001
2024-07-04,0.10950000000000001
2024-07-05,0.07943130000000001
2024-07-06,0.06019215
2024-07-07,0.1027986
2024-07-08,0.09536354999999999
2024-07-09,0.07614265
2024-07-10,0.0901915
2024-07-11,0.10950000000000001
2024-07-12,0.04905965
2024-07-13,0.0919216
2024-07-14,0.07587985
2024-07-15,0.0265647
2024-07-16,0.023611850000000004
2024-07-17,0.0018213499999999994
2024-07-18,0.0195713
2024-07-19,0.0492385
2024-07-20,0.0017848500000000008
2024-07-21,-0.00902645
2024-07-22,0.06518170000000001
2024-07-23,0.04986265
2024-07-24,0.10950000000000001
2024-07-25,0.10950000000000001
2024-07-26,0.085191
2024-07-27,0.0864247
2024-07-28,0.07358764999999999
2024-07-29,0.0875416
2024-07-30,0.05346885
2024-07-31,0.051344549999999996
2024-08-01,0.10295919999999999
2024-08-02,0.10950000000000001
2024-08-03,0.08772775000000001
2024-08-04,0.09250195000000001
2024-08-05,0.0744454
2024-08-06,0.0190019
2024-08-07,-0.0158702
2024-08-08,0.0250755
2024-08-09,0.0438876
2024-08-10,-0.026535500000000004
2024-08-11,0.01239175
2024-08-12,0.0279517
2024-08-13,0.010070349999999999
2024-08-14,-0.029159849999999998
2024-08-15,-0.0304045
2024-08-16,-0.07000334999999999
2024-08-17,0.02167005
2024-08-18,-0.0018468999999999983
2024-08-19,-0.04497895
2024-08-20,0.0004087999999999998
2024-08-21,-0.025371150000000002
2024-08-22,-0.029754799999999998
2024-08-23,-0.01918075
2024-08-24,0.017884999999999998
2024-08-25,-0.011785849999999999
2024-08-26,0.0353174
2024-08-27,0.044891350000000003
2024-08-28,-0.01177855
2024-08-29,-0.0075226500000000005
2024-08-30,0.02715965
2024-08-31,0.02054585
2024-09-01,0.0010913500000000016
2024-09-02,-0.012778649999999999
2024-09-03,0.0582759
2024-09-04,0.00652985
2024-09-05,0.04938815
2024-09-06,0.013530549999999999
2024-09-07,-0.05630855000000001
2024-09-08,-0.02737135
2024-09-09,-0.0677732
2024-09-10,-0.0368066
2024-09-11,-0.05990380000000001
2024-09-12,-0.019881549999999998
2024-09-13,-0.012340650000000002
2024-09-14,-0.0201261
2024-09-15,-0.0003212
2024-09-16,0.046457200000000004
2024-09-17,0.05754955
2024-09-18,0.0279955
2024-09-19,0.038445450000000006
2024-09-20,0.04783325000000001
2024-09-21,0.08348280000000001
2024-09-22,0.07692739999999999
2024-09-23,0.0482311
2024-09-24,0.01838505
2024-09-25,0.013505
2024-09-26,0.06532039999999999
2024-09-27,0.06933905
2024-09-28,0.05536685
2024-09-29,0.0405369
2024-09-30,0.0767084
2024-10-01,0.10950000000000001
2024-10-02,0.0847968
2024-10-03,0.047877050000000004
2024-10-04,0.03452535
2024-10-05,0.00128845
2024-10-06,0.029346
2024-10-07,0.0211627
2024-10-08,0.0493334
2024-10-09,0.08423105
2024-10-10,0.049720299999999995
2024-10-11,0.0017410500000000007
2024-10-12,0.03917545
2024-10-13,0.02288185
2024-10-14,0.09281585
2024-10-15,0.10950000000000001
2024-10-16,0.09791125000000002
2024-10-17,0.10950000000000001
2024-10-18,0.10950000000000001
2024-10-19,0.10950000000000001
2024-10-20,0.10950000000000001
2024-10-21,0.10950000000000001
2024-10-22,0.10950000000000001
2024-10-23,0.10950000000000001
2024-10-24,0.10950000000000001
2024-10-25,0.10950000000000001
2024-10-26,0.08148259999999999
2024-10-27,0.1084926
2024-10-28,0.10355415
2024-10-29,0.10950000000000001
2024-10-30,0.10950000000000001
2024-10-31,0.10950000000000001
2024-11-01,0.10950000000000001
2024-11-02,0.10950000000000001
2024-11-03,0.10950000000000001
2024-11-04,0.10950000000000001
2024-11-05,0.10950000000000001
2024-11-06,0.10950000000000001
2024-11-07,0.10950000000000001
2024-11-08,0.10950000000000001
2024-11-09,0.10950000000000001
2024-11-10,0.1814634
2024-11-11,0.20760469999999998
2024-11-12,0.4804276
2024-11-13,0.16409305
2024-11-14,0.10950000000000001
2024-11-15,0.11306605
2024-11-16,0.12129315000000002
2024-11-17,0.13264830000000002
2024-11-18,0.2473532
2024-11-19,0.25470065
2024-11-20,0.10950000000000001
2024-11-21,0.10950000000000001
2024-11-22,0.10950000000000001
2024-11-23,0.10950000000000001
2024-11-24,0.1802224
2024-11-25,0.20537819999999998
2024-11-26,0.25344504999999995
2024-11-27,0.2117
2024-11-28,0.13207525
2024-11-29,0.19814755
2024-11-30,0.1385978
2024-12-01,0.16600930000000003
2024-12-02,0.23239184999999998
2024-12-03,0.18124805
2024-12-04,0.27784529999999996
2024-12-05,0.5370245
2024-12-06,0.1264141
2024-12-07,0.21329140000000002
2024-12-08,0.18665005
2024-12-09,0.22834400000000002
2024-12-10,0.10950000000000001
2024-12-11,0.10950000000000001
2024-12-12,0.10950000000000001
2024-12-13,0.10950000000000001
2024-12-14,0.0976375
2024-12-15,0.1029081
2024-12-16,0.10651065
2024-12-17,0.1017109
2024-12-18,0.10643034999999999
2024-12-19,0.10950000000000001
2024-12-20,0.10950000000000001
2024-12-21,0.07740190000000001
2024-12-22,0.10814585
2024-12-23,0.10578065
2024-12-24,0.10950000000000001
2024-12-25,0.10950000000000001
2024-12-26,0.09440725000000001
2024-12-27,0.10950000000000001
2024-12-28,0.0832638
2024-12-29,0.10224745
2024-12-30,0.06843385
2024-12-31,0.10950000000000001
2025-01-01,0.10950000000000001
2025-01-02,0.10950000000000001
2025-01-03,0.0921333
2025-01-04,0.06751405
2025-01-05,0.103368
2025-01-06,0.10950000000000001
2025-01-07,0.09921429999999999
2025-01-08,0.10950000000000001
2025-01-09,0.0704085
2025-01-10,0.0400916
2025-01-11,0.04505195
2025-01-12,0.0542609
2025-01-13,0.04794639999999999
2025-01-14,0.10766040000000002
2025-01-15,0.0716422
2025-01-16,0.0470631
2025-01-17,0.06356474999999999
2025-01-18,0.09748055
2025-01-19,0.10950000000000001
2025-01-20,0.10950000000000001
2025-01-21,0.10950000000000001
2025-01-22,0.10950000000000001
2025-01-23,0.0995355
2025-01-24,0.06355015
2025-01-25,0.08022335
2025-01-26,0.0978419
2025-01-27,0.0470631
2025-01-28,0.0860013
2025-01-29,0.10931385
2025-01-30,0.09887484999999999
2025-01-31,0.07747125
2025-02-01,0.07093775000000001
2025-02-02,0.030451950000000002
2025-02-03,0.09068425
2025-02-04,0.049457499999999995
2025-02-05,0.02161895
2025-02-06,0.028656150000000002
2025-02-07,0.07350735
2025-02-08,-0.00963235
2025-02-09,0.059538799999999996
2025-02-10,0.06728775000000001
2025-02-11,0.0323463
2025-02-12,0.04072305
2025-02-13,0.0544653
2025-02-14,0.060965950000000005
2025-02-15,0.025867550000000003
2025-02-16,0.026904149999999998
2025-02-17,0.05345425
2025-02-18,0.10763120000000001
2025-02-19,0.0866729
2025-02-20,0.04757775
2025-02-21,0.008438800000000002
2025-02-22,0.0685616
2025-02-23,0.0318645
2025-02-24,0.021757649999999996
2025-02-25,0.0606995
2025-02-26,0.0712699
2025-02-27,0.06614165
2025-02-28,0.0678608
2025-03-01,-0.025477
2025-03-02,-0.024622900000000003
2025-03-03,0.001989249999999999
2025-03-04,-0.0017884999999999995
2025-03-05,0.04329995
2025-03-06,0.06120685000000001
2025-03-07,-0.00044895000000000004
2025-03-08,0.02521785
2025-03-09,0.03810235
2025-03-10,0.034065450000000004
2025-03-11,0.06099515
2025-03-12,0.0379746
2025-03-13,0.02076485
2025-03-14,0.0404201
2025-03-15,-0.031919249999999996
2025-03-16,0.02158975
2025-03-17,0.0379527
2025-03-18,0.0229074
2025-03-19,0.04082525
2025-03-20,0.024893000000000002
2025-03-21,0.03451805
2025-03-22,0.022476700000000002
2025-03-23,0.02166275
2025-03-24,0.01507085
2025-03-25,-0.01048645
2025-03-26,-0.01610745
2025-03-27,0.0178412
2025-03-28,0.03374425
2025-03-29,0.0587942
2025-03-30,0.0195494
2025-03-31,0.0383542
2025-04-01,0.03804395
2025-04-02,0.006048049999999999
2025-04-03,0.0634516
2025-04-04,0.062258049999999995
2025-04-05,0.05987459999999999
2025-04-06,0.01818065
2025-04-07,0.06132365000000001
2025-04-08,0.03935795
2025-04-09,0.0517278
2025-04-10,0.0532681
2025-04-11,0.0038726500000000005
2025-04-12,0.0535893
2025-04-13,0.0844172
2025-04-14,0.0644882
2025-04-15,0.023418400000000002
2025-04-16,0.04132895
2025-04-17,0.0383542
2025-04-18,0.0432671
2025-04-19,0.02555365
2025-04-20,-0.013264100000000001
2025-04-21,0.044486200000000004
2025-04-22,-0.00014599999999999862
2025-04-23,0.016687800000000003
2025-04-24,0.0013650999999999993
2025-04-25,-0.0053801000000000005
2025-04-26,-0.0365146
2025-04-27,-0.009420650000000001
2025-04-28,-0.0189873
2025-04-29,0.0034492499999999996
2025-04-30,-0.02204235
2025-05-01,0.0045479
2025-05-02,-0.11060595000000001
2025-05-03,-0.015468699999999998
2025-05-04,0.0268056
2025-05-05,-0.003704750000000001
2025-05-06,0.026188750000000004
2025-05-07,0.00917245
2025-05-08,0.04618710000000001
2025-05-09,0.0889797
2025-05-10,0.0872861
2025-05-11,0.0881475
2025-05-12,0.06115575
2025-05-13,0.08797595
2025-05-14,0.0753287
2025-05-15,0.03559845
2025-05-16,0.061345550000000006
2025-05-17,0.0246667
2025-05-18,0.08265425
2025-05-19,0.051611
2025-05-20,0.06114115
2025-05-21,0.07677045
2025-05-22,0.10950000000000001
2025-05-23,0.09196539999999999
2025-05-24,0.05822115
2025-05-25,0.0677367
2025-05-26,0.09896245000000001
2025-05-27,0.06348079999999999
2025-05-28,0.0393908
2025-05-29,0.052476049999999996
2025-05-30,0.05059995
2025-05-31,0.07571925
2025-06-01,0.0214255
2025-06-02,0.034375699999999995
2025-06-03,0.056673549999999996
2025-06-04,0.0130013
2025-06-05,0.02956865
2025-06-06,-0.034733400000000005
2025-06-07,-0.0210021
2025-06-08,0.024889350000000005
2025-06-09,0.017947050000000003
2025-06-10,0.08956735
2025-06-11,0.0810592
2025-06-12,0.037598650000000004
2025-06-13,0.006518899999999999
2025-06-14,0.025371150000000002
2025-06-15,0.01885955
2025-06-16,0.03211635
2025-06-17,0.035894100000000005
2025-06-18,0.03151775
2025-06-19,0.014078050000000002
2025-06-20,0.05046855000000001
2025-06-21,0.0487275
2025-06-22,0.0621522
2025-06-23,0.003719350000000001
2025-06-24,0.010621499999999999
2025-06-25,0.0019527500000000005
2025-06-26,0.016892200000000003
2025-06-27,0.023115450000000003
2025-06-28,0.0340399
2025-06-29,0.0606265
2025-06-30,0.0327259
2025-07-01,0.0237104
2025-07-02,0.034090999999999996
2025-07-03,0.04913265000000001
2025-07-04,0.043931399999999995
2025-07-05,0.029659899999999996
2025-07-06,0.0169141
2025-07-07,0.03675185
2025-07-08,0.03371505
2025-07-09,0.0392083
2025-07-10,0.07457315
2025-07-11,0.10950000000000001
2025-07-12,0.10950000000000001
2025-07-13,0.10950000000000001
2025-07-14,0.10238615
2025-07-15,0.10950000000000001
2025-07-16,0.10950000000000001
2025-07-17,0.10950000000000001
2025-07-18,0.10950000000000001
2025-07-19,0.10950000000000001
2025-07-20,0.10950000000000001
2025-07-21,0.10950000000000001
2025-07-22,0.10950000000000001
2025-07-23,0.10950000000000001
2025-07-24,0.10950000000000001
2025-07-25,0.10950000000000001
2025-07-26,0.10950000000000001
2025-07-27,0.10950000000000001
2025-07-28,0.10950000000000001
2025-07-29,0.10950000000000001
2025-07-30,0.10950000000000001
2025-07-31,0.0937831
2025-08-01,0.0212503
2025-08-02,0.037014649999999996
2025-08-03,0.06449550000000001
2025-08-04,0.05043935
2025-08-05,0.07473010000000001
2025-08-06,0.08298275000000001
2025-08-07,0.06822579999999999
2025-08-08,0.04418324999999999
2025-08-09,0.08421645
2025-08-10,0.10894885
2025-08-11,0.10950000000000001
2025-08-12,0.09683815
2025-08-13,0.09899895
2025-08-14,0.10950000000000001
2025-08-15,0.04982615
2025-08-16,0.09541465
2025-08-17,0.053830199999999995
2025-08-18,0.027229
2025-08-19,0.060465899999999996
2025-08-20,0.03957695
2025-08-21,0.059546100000000005
2025-08-22,0.08454495000000001
2025-08-23,0.10844515
2025-08-24,0.10950000000000001
2025-08-25,0.10345560000000001
2025-08-26,0.0672403
2025-08-27,0.03942365
2025-08-28,0.08213229999999999
2025-08-29,0.039277650000000004
2025-08-30,0.0859356
2025-08-31,0.04933705
2025-09-01,0.07162394999999999
2025-09-02,0.08069055
2025-09-03,0.030068700000000004
2025-09-04,0.0515891
2025-09-05,0.0927246
2025-09-06,0.044044549999999995
2025-09-07,0.04580750000000001
2025-09-08,0.08539905
2025-09-09,0.08686635000000001
2025-09-10,0.07603315000000001
2025-09-11,0.0490998
2025-09-12,0.0613054
2025-09-13,0.0139941
2025-09-14,0.05868105
2025-09-15,0.08269075000000001
2025-09-16,0.052779
2025-09-17,0.0792634
2025-09-18,0.06598105
2025-09-19,0.026068299999999996
2025-09-20,0.0099426
2025-09-21,0.0035879499999999986
2025-09-22,0.0483479
2025-09-23,0.07892394999999999
2025-09-24,0.06185655
2025-09-25,0.040405500000000004
2025-09-26,0.055549350000000004
2025-09-27,0.041011399999999996
2025-09-28,0.049461149999999995
2025-09-29,0.0133152
2025-09-30,0.0395295
2025-10-01,0.0613638
2025-10-02,0.09974355
2025-10-03,0.10922989999999999
2025-10-04,0.1033388
2025-10-05,0.1029811
2025-10-06,0.08472015
2025-10-07,0.0905273
2025-10-08,0.0654737
2025-10-09,0.02974385
2025-10-10,0.02072105
2025-10-11,0.07470455
2025-10-12,-0.04053324999999999
2025-10-13,-0.013607199999999998
2025-10-14,-0.028568549999999998
2025-10-15,-0.004478549999999999
2025-10-16,-0.02910875
2025-10-17,-0.004416499999999999
2025-10-18,-0.0542974
2025-10-19,0.010541199999999999
2025-10-20,-0.010512
2025-10-21,-0.02135615
2025-10-22,0.014362749999999997
2025-10-23,0.056637049999999994
2025-10-24,0.0306527
2025-10-25,0.0440701
2025-10-26,0.034098300000000005
2025-10-27,0.0996596
2025-10-28,0.06152805
2025-10-29,0.03124035
2025-10-30,0.0295942
2025-10-31,0.07377745000000001
2025-11-01,0.1087043
2025-11-02,0.08024525
2025-11-03,0.066722
2025-11-04,0.08083655000000001
2025-11-05,0.04664335
2025-11-06,0.05984175
2025-11-07,0.06410495
2025-11-08,0.05315495
2025-11-09,0.04195675
2025-11-10,0.07739460000000001
2025-11-11,0.0214109
2025-11-12,0.03261275
2025-11-13,0.06525105
2025-11-14,0.09772145
2025-11-15,0.08916950000000001
2025-11-16,0.09053825
2025-11-17,0.09773240000000001
2025-11-18,0.08659625
2025-11-19,0.060181200000000004
2025-11-20,0.0848917
2025-11-21,0.0417487
2025-11-22,0.04805225
2025-11-23,0.011212800000000002
2025-11-24,0.017899599999999998
2025-11-25,-0.02304245
2025-11-26,0.032875549999999996
2025-11-27,0.01618045
2025-11-28,0.02217375
2025-11-29,0.00887315
2025-11-30,0.049340699999999994
2025-12-01,0.03006505
2025-12-02,0.020560449999999997
2025-12-03,0.00579985
2025-12-04,0.0400332
2025-12-05,0.037127799999999996
2025-12-06,0.0138335
2025-12-07,0.040405500000000004
2025-12-08,0.03431365
2025-12-09,0.0462601
2025-12-10,0.0291197
2025-12-11,0.02596245
2025-12-12,0.05473175
2025-12-13,0.0444643
2025-12-14,0.060849150000000005
2025-12-15,0.0086797
2025-12-16,0.04710690000000001
2025-12-17,0.07710625
2025-12-18,0.050070699999999996
2025-12-19,0.09304215
2025-12-20,0.06717825
2025-12-21,0.08224179999999999
2025-12-22,0.05681955
2025-12-23,0.03525535
2025-12-24,0.0889943
2025-12-25,0.0811322
2025-12-26,0.07228825000000001
2025-12-27,0.03813155
2025-12-28,0.06344794999999999
2025-12-29,0.09061490000000001
2025-12-30,0.0837967
2025-12-31,0.02965625
2026-01-01,0.07924515
2026-01-02,0.053436000000000004
2026-01-03,0.04052595
2026-01-04,0.07204005
2026-01-05,0.0797379
2026-01-06,0.01507815
2026-01-07,0.07105455000000001
2026-01-08,0.09172084999999999
2026-01-09,0.01701995
2026-01-10,0.07130275
2026-01-11,0.05504565
2026-01-12,0.03418225
2026-01-13,0.0566772
2026-01-14,0.024462300000000003
2026-01-15,0.010614199999999999
2026-01-16,0.06267779999999999
2026-01-17,0.021188250000000002
2026-01-18,0.0718685
2026-01-19,0.028871499999999998
2026-01-20,0.08065404999999999
2026-01-21,0.06739725
2026-01-22,0.0762266
2026-01-23,0.056385199999999996
2026-01-24,0.052344650000000006
2026-01-25,0.052209599999999995
2026-01-26,0.045698
2026-01-27,0.0649627
2026-01-28,0.05927965
2026-01-29,0.06237485
2026-01-30,0.023732299999999998
2026-01-31,0.0723649
2026-02-01,0.006847400000000001
2026-02-02,-0.031711199999999995
2026-02-03,-0.0015439500000000003
2026-02-04,0.0302512
2026-02-05,0.0164761
2026-02-06,-0.10498495
2026-02-07,-0.09640014999999999
2026-02-08,-0.04311745
2026-02-09,-0.020122450000000004
2026-02-10,-0.08191695
2026-02-11,-0.029878900000000003
2026-02-12,0.0014235000000000012
2026-02-13,0.0192574
2026-02-14,0.005004149999999999
2026-02-15,0.0044712499999999995
2026-02-16,-0.0172645
2026-02-17,0.0497568
2026-02-18,0.024374700000000003
2026-02-19,-0.015986999999999998
2026-02-20,0.0218854
2026-02-21,0.02533465
